Month,Channel,Plan,Channel Type,Year,Quarter,Month Label,New Customers,Acquisition Cost,New MRR,LTV Pool,First Order Revenue,Lifetime Pool
2024-01-01,Paid Search,Starter,Paid,2024,2024-Q1,2024-01,780,87381.54,22582.87,276879.84,29824.35,11143.4
2024-01-01,Paid Search,Growth,Paid,2024,2024-Q1,2024-01,417,188968,40632.49,760380.4,51583.79,9128.7
2024-01-01,Paid Search,Enterprise,Paid,2024,2024-Q1,2024-01,128,429846.42,63769.91,2077558.44,82421.94,4896.8
2024-01-01,Paid Social,Starter,Paid,2024,2024-Q1,2024-01,612,52150.95,17601.44,215913.7,22694.07,8844.4
2024-01-01,Paid Social,Growth,Paid,2024,2024-Q1,2024-01,344,115199.83,34078.88,634821.27,44633.03,7515.5
2024-01-01,Paid Social,Enterprise,Paid,2024,2024-Q1,2024-01,112,284371.12,55605.01,1775903.22,72803.8,4197.6
2024-01-01,Content / SEO,Starter,Organic,2024,2024-Q1,2024-01,871,43408.09,25152.59,310063,33226.28,12547.6
2024-01-01,Content / SEO,Growth,Organic,2024,2024-Q1,2024-01,472,95180.33,46016.36,863611.02,58906.61,10360.1
2024-01-01,Content / SEO,Enterprise,Organic,2024,2024-Q1,2024-01,144,218462.36,71858.64,2328569.44,93842.78,5506.7
2024-01-01,Email,Starter,Owned,2024,2024-Q1,2024-01,361,15818.1,10229.72,127867.06,12908.47,5279.3
2024-01-01,Email,Growth,Owned,2024,2024-Q1,2024-01,191,32938.13,19015.45,356002.49,24523.4,4235.4
2024-01-01,Email,Enterprise,Owned,2024,2024-Q1,2024-01,64,81776.14,31946.86,1026608.33,42028.07,2404.9
2024-01-01,Referral,Starter,Earned,2024,2024-Q1,2024-01,287,11713.62,8412.38,103569.42,11001,4190.2
2024-01-01,Referral,Growth,Earned,2024,2024-Q1,2024-01,166,26576.71,16558.76,306383.79,22165.89,3598.5
2024-01-01,Referral,Enterprise,Earned,2024,2024-Q1,2024-01,52,63059.23,25655.51,826912.95,33293.71,1953.9
2024-01-01,Outbound,Starter,Sales-led,2024,2024-Q1,2024-01,201,76150.75,5839.48,70964.29,7756.99,2872.7
2024-01-01,Outbound,Growth,Sales-led,2024,2024-Q1,2024-01,109,167349.07,10622,199230.63,13696.48,2390.1
2024-01-01,Outbound,Enterprise,Sales-led,2024,2024-Q1,2024-01,33,384095.07,16430.67,534147.83,21091.53,1261.6
2024-01-01,Marketplace,Starter,Partner,2024,2024-Q1,2024-01,419,27525.16,12117.69,149046.07,15478.37,6066.7
2024-01-01,Marketplace,Growth,Partner,2024,2024-Q1,2024-01,235,61291.59,23308.2,436995.83,30381.74,5182.1
2024-01-01,Marketplace,Enterprise,Partner,2024,2024-Q1,2024-01,75,146168.9,37134.35,1199226.16,49010.58,2824.4
2024-02-01,Paid Search,Starter,Paid,2024,2024-Q1,2024-02,763,86374.38,22110.81,274514.23,28310.11,11138.8
2024-02-01,Paid Search,Growth,Paid,2024,2024-Q1,2024-02,429,190630.11,42755.25,793306.37,56834.61,9419.7
2024-02-01,Paid Search,Enterprise,Paid,2024,2024-Q1,2024-02,134,453073.56,66192.73,2136453.42,86366.15,5046.7
2024-02-01,Paid Social,Starter,Paid,2024,2024-Q1,2024-02,656,55169.55,19040.48,234461.94,25154.86,9471.7
2024-02-01,Paid Social,Growth,Paid,2024,2024-Q1,2024-02,349,118676.65,34288.16,639376.74,44832.42,7630
2024-02-01,Paid Social,Enterprise,Paid,2024,2024-Q1,2024-02,107,275214.16,53475.01,1724733.95,68728.34,4073.2
2024-02-01,Content / SEO,Starter,Organic,2024,2024-Q1,2024-02,864,43736.13,24902.6,307679.89,32154.31,12532.9
2024-02-01,Content / SEO,Growth,Organic,2024,2024-Q1,2024-02,473,94032.29,47401.11,878232.31,63545.74,10357.4
2024-02-01,Content / SEO,Enterprise,Organic,2024,2024-Q1,2024-02,157,233578.99,77724.24,2482565.33,102151.59,5870.4
2024-02-01,Email,Starter,Owned,2024,2024-Q1,2024-02,373,15648.66,10925.49,132384.93,14585.14,5348.5
2024-02-01,Email,Growth,Owned,2024,2024-Q1,2024-02,215,36377.83,21010.54,388593.7,27414.27,4611
2024-02-01,Email,Enterprise,Owned,2024,2024-Q1,2024-02,63,82295.65,30982.41,1008500.83,38956.24,2399.4
2024-02-01,Referral,Starter,Earned,2024,2024-Q1,2024-02,313,12558.74,9003.48,110534.12,11703.54,4459.6
2024-02-01,Referral,Growth,Earned,2024,2024-Q1,2024-02,170,28091.88,16696.63,312590.82,21042.75,3739.9
2024-02-01,Referral,Enterprise,Earned,2024,2024-Q1,2024-02,51,63370.75,25482.9,819478.49,33342.35,1961.3
2024-02-01,Outbound,Starter,Sales-led,2024,2024-Q1,2024-02,201,77986.46,5755.67,71443.94,7363.67,2924.1
2024-02-01,Outbound,Growth,Sales-led,2024,2024-Q1,2024-02,111,168702.27,11100.65,206978.85,14769.09,2437.8
2024-02-01,Outbound,Enterprise,Sales-led,2024,2024-Q1,2024-02,36,412456.36,17808.23,576831.18,23082.17,1357.1
2024-02-01,Marketplace,Starter,Partner,2024,2024-Q1,2024-02,448,29371.13,12950.35,160095.38,16935.5,6477.8
2024-02-01,Marketplace,Growth,Partner,2024,2024-Q1,2024-02,245,64223.39,23921.78,447057.49,31214.89,5333.9
2024-02-01,Marketplace,Enterprise,Partner,2024,2024-Q1,2024-02,72,142270.77,36258.24,1160000.95,48317.42,2727.7
2024-03-01,Paid Search,Starter,Paid,2024,2024-Q1,2024-03,912,100722.36,26285.6,317466.44,34430.84,12895.5
2024-03-01,Paid Search,Growth,Paid,2024,2024-Q1,2024-03,502,228123.15,48881.63,906710.79,62478.62,10884.4
2024-03-01,Paid Search,Enterprise,Paid,2024,2024-Q1,2024-03,154,521782.31,76110.32,2460101.5,97756.95,5880.1
2024-03-01,Paid Social,Starter,Paid,2024,2024-Q1,2024-03,736,63009.29,21253.07,262878.75,27619.07,10684
2024-03-01,Paid Social,Growth,Paid,2024,2024-Q1,2024-03,405,138179.7,39796.29,750022.88,51355.95,8952.7
2024-03-01,Paid Social,Enterprise,Paid,2024,2024-Q1,2024-03,127,320961.13,63249.69,2035650.33,83377.59,4772.6
2024-03-01,Content / SEO,Starter,Organic,2024,2024-Q1,2024-03,1024,50679.01,29805.18,366755.77,38728.35,14713.1
2024-03-01,Content / SEO,Growth,Organic,2024,2024-Q1,2024-03,567,115270.43,55536.31,1047551.79,71666.96,12454.1
2024-03-01,Content / SEO,Enterprise,Organic,2024,2024-Q1,2024-03,170,261157.5,84872.76,2733248.5,110848.98,6453.7
2024-03-01,Email,Starter,Owned,2024,2024-Q1,2024-03,424,18646.09,12055.45,148457.03,15330.37,6131.6
2024-03-01,Email,Growth,Owned,2024,2024-Q1,2024-03,225,39139.55,22367.28,419406.99,29238.57,5006.9
2024-03-01,Email,Enterprise,Owned,2024,2024-Q1,2024-03,72,90415.97,36443.24,1161996.13,48977.56,2684.5
2024-03-01,Referral,Starter,Earned,2024,2024-Q1,2024-03,337,13819.11,9799.62,120636.91,12894.09,4947.3
2024-03-01,Referral,Growth,Earned,2024,2024-Q1,2024-03,193,30660.8,19340.45,356433.18,25776.76,4184.1
2024-03-01,Referral,Enterprise,Earned,2024,2024-Q1,2024-03,63,77111.48,31035.95,1002499.49,39971.57,2350.2
2024-03-01,Outbound,Starter,Sales-led,2024,2024-Q1,2024-03,235,88134.98,6863.15,82912.18,9222.06,3331.8
2024-03-01,Outbound,Growth,Sales-led,2024,2024-Q1,2024-03,128,195198.05,12528.6,233668.41,16209.07,2792.9
2024-03-01,Outbound,Enterprise,Sales-led,2024,2024-Q1,2024-03,40,465451.68,19501.4,641064.88,24462.22,1539.7
2024-03-01,Marketplace,Starter,Partner,2024,2024-Q1,2024-03,511,33430.84,14713.15,179465.35,19085.82,7344.5
2024-03-01,Marketplace,Growth,Partner,2024,2024-Q1,2024-03,279,73264.23,27808.58,521300.56,36023.26,6137
2024-03-01,Marketplace,Enterprise,Partner,2024,2024-Q1,2024-03,88,174151.4,43696.08,1420144.33,56955.61,3340.2
2024-04-01,Paid Search,Starter,Paid,2024,2024-Q2,2024-04,929,105142.74,26714.87,334623.3,34128.14,13677.4
2024-04-01,Paid Search,Growth,Paid,2024,2024-Q2,2024-04,527,234466.54,52717.1,985509.84,70065.1,11550
2024-04-01,Paid Search,Enterprise,Paid,2024,2024-Q2,2024-04,170,569495.5,84634.95,2696390.12,110470.95,6330.3
2024-04-01,Paid Social,Starter,Paid,2024,2024-Q2,2024-04,783,65184.4,22817.65,277998.63,30579.43,11217.9
2024-04-01,Paid Social,Growth,Paid,2024,2024-Q2,2024-04,433,146500.38,42593.1,791143.56,55810.47,9422.5
2024-04-01,Paid Social,Enterprise,Paid,2024,2024-Q2,2024-04,136,347092.27,67509.95,2182407.02,86969.95,5175.2
2024-04-01,Content / SEO,Starter,Organic,2024,2024-Q2,2024-04,1077,54569.45,31214.22,386076.46,40779.55,15647.7
2024-04-01,Content / SEO,Growth,Organic,2024,2024-Q2,2024-04,596,118412.59,59325.24,1103203.91,76934.37,13043.6
2024-04-01,Content / SEO,Enterprise,Organic,2024,2024-Q2,2024-04,189,279770.95,94162.18,3016821.4,124783.8,7088.6
2024-04-01,Email,Starter,Owned,2024,2024-Q2,2024-04,469,19719.81,13723.67,167636.6,18121.12,6709.4
2024-04-01,Email,Growth,Owned,2024,2024-Q2,2024-04,267,45555.08,26351.49,492085.7,34578.99,5796.1
2024-04-01,Email,Enterprise,Owned,2024,2024-Q2,2024-04,79,103254.83,38881.41,1258108.15,49964.47,3014.6
2024-04-01,Referral,Starter,Earned,2024,2024-Q2,2024-04,387,15639.94,11088.59,137038.09,14401.43,5552.2
2024-04-01,Referral,Growth,Earned,2024,2024-Q2,2024-04,204,33898.33,19819.93,375725.63,24940.58,4519.8
2024-04-01,Referral,Enterprise,Earned,2024,2024-Q2,2024-04,64,78322.94,32323.69,1054728.8,42286.41,2461.4
2024-04-01,Outbound,Starter,Sales-led,2024,2024-Q2,2024-04,247,95709.37,7057.1,88695.99,8992,3637.3
2024-04-01,Outbound,Growth,Sales-led,2024,2024-Q2,2024-04,135,205226.81,13447.39,250171.57,17772.27,2969.4
2024-04-01,Outbound,Enterprise,Sales-led,2024,2024-Q2,2024-04,44,491909.56,22041.55,695602.45,29563.18,1626.7
2024-04-01,Marketplace,Starter,Partner,2024,2024-Q2,2024-04,545,35793.37,15791.67,192764.92,20769.59,7776.7
2024-04-01,Marketplace,Growth,Partner,2024,2024-Q2,2024-04,300,78768.75,29423.04,550149.32,38356.96,6541.4
2024-04-01,Marketplace,Enterprise,Partner,2024,2024-Q2,2024-04,94,184017,46712.53,1508174.78,59426.82,3562.9
2024-05-01,Paid Search,Starter,Paid,2024,2024-Q2,2024-05,1069,119939.47,31043.02,381996.04,41151.47,15357.7
2024-05-01,Paid Search,Growth,Paid,2024,2024-Q2,2024-05,582,262043.68,56884.87,1063664.23,72648.27,12721.1
2024-05-01,Paid Search,Enterprise,Paid,2024,2024-Q2,2024-05,176,594439.23,87570.76,2839992.2,114119.94,6706.9
2024-05-01,Paid Social,Starter,Paid,2024,2024-Q2,2024-05,857,72972.22,24738.26,307051.88,31486.4,12485
2024-05-01,Paid Social,Growth,Paid,2024,2024-Q2,2024-05,481,162247.67,47492.92,884839.36,62797.83,10521.7
2024-05-01,Paid Social,Enterprise,Paid,2024,2024-Q2,2024-05,153,390235.24,75722.79,2466733.92,99801.99,5820.2
2024-05-01,Content / SEO,Starter,Organic,2024,2024-Q2,2024-05,1208,59536.22,35119.37,428781.26,46866.98,17300.7
2024-05-01,Content / SEO,Growth,Organic,2024,2024-Q2,2024-05,655,131247.79,63889.92,1197339.72,82419.97,14297.5
2024-05-01,Content / SEO,Enterprise,Organic,2024,2024-Q2,2024-05,201,308527.05,99635.9,3245324.84,128506.45,7707.7
2024-05-01,Email,Starter,Owned,2024,2024-Q2,2024-05,497,21676.87,14023.47,174860.23,17861.13,7235.1
2024-05-01,Email,Growth,Owned,2024,2024-Q2,2024-05,261,45675.37,25787.88,482098.23,33074.21,5787.6
2024-05-01,Email,Enterprise,Owned,2024,2024-Q2,2024-05,84,107311.49,42361.31,1345268.93,56522.89,3145.6
2024-05-01,Referral,Starter,Earned,2024,2024-Q2,2024-05,396,16126.04,11482.19,141922.15,14978.56,5795.5
2024-05-01,Referral,Growth,Earned,2024,2024-Q2,2024-05,226,36306.63,22488.95,418669.3,30214.35,4947
2024-05-01,Referral,Enterprise,Earned,2024,2024-Q2,2024-05,73,87649.86,35976.94,1154179.17,46526.66,2720.8
2024-05-01,Outbound,Starter,Sales-led,2024,2024-Q2,2024-05,273,103259.69,7972.24,97124.68,10698.11,3900
2024-05-01,Outbound,Growth,Sales-led,2024,2024-Q2,2024-05,154,236765.03,15187.19,285035.61,19633.58,3380.2
2024-05-01,Outbound,Enterprise,Sales-led,2024,2024-Q2,2024-05,47,537962.66,23573.01,761120.89,31224.42,1780.2
2024-05-01,Marketplace,Starter,Partner,2024,2024-Q2,2024-05,574,37976.72,16643.58,204288.13,21490.43,8310.8
2024-05-01,Marketplace,Growth,Partner,2024,2024-Q2,2024-05,326,85224.96,32377.49,603620.78,42678.55,7175.2
2024-05-01,Marketplace,Enterprise,Partner,2024,2024-Q2,2024-05,103,202710.17,51171.93,1647588.18,67308.79,3883.7
2024-06-01,Paid Search,Starter,Paid,2024,2024-Q2,2024-06,969,109168.08,27841.11,345064.68,35599.97,14139.9
2024-06-01,Paid Search,Growth,Paid,2024,2024-Q2,2024-06,539,240287.9,53803.3,996347.87,71322.09,11828.7
2024-06-01,Paid Search,Enterprise,Paid,2024,2024-Q2,2024-06,173,577614.86,85691.15,2739888.52,112098.87,6482.7
2024-06-01,Paid Social,Starter,Paid,2024,2024-Q2,2024-06,837,71072.9,24307.16,298850.75,32161.15,12031.1
2024-06-01,Paid Social,Growth,Paid,2024,2024-Q2,2024-06,448,152219.61,44342.03,818708.36,58104.89,9747.9
2024-06-01,Paid Social,Enterprise,Paid,2024,2024-Q2,2024-06,140,357063.6,69926.34,2239447.06,91112.5,5293.2
2024-06-01,Content / SEO,Starter,Organic,2024,2024-Q2,2024-06,1108,56713.38,31895.64,393372.56,41115.98,16045.1
2024-06-01,Content / SEO,Growth,Organic,2024,2024-Q2,2024-06,612,121891.07,61194.07,1133004.71,81704.78,13430.3
2024-06-01,Content / SEO,Enterprise,Organic,2024,2024-Q2,2024-06,202,299862.73,101745.36,3293488.96,134307.65,7600.8
2024-06-01,Email,Starter,Owned,2024,2024-Q2,2024-06,475,20098.98,13953.74,169712.8,18708.8,6827.9
2024-06-01,Email,Growth,Owned,2024,2024-Q2,2024-06,274,46058.48,27063.6,499855.57,35793.92,5867.9
2024-06-01,Email,Enterprise,Owned,2024,2024-Q2,2024-06,82,107240.04,40064.48,1310661.8,50008.24,3129.3
2024-06-01,Referral,Starter,Earned,2024,2024-Q2,2024-06,400,15936.92,11466.66,139008.35,15069.83,5633.6
2024-06-01,Referral,Growth,Earned,2024,2024-Q2,2024-06,215,35577.83,20910.34,389919.1,26217.95,4700.7
2024-06-01,Referral,Enterprise,Earned,2024,2024-Q2,2024-06,64,78043.44,31969.06,1024203.02,41905.93,2441.1
2024-06-01,Outbound,Starter,Sales-led,2024,2024-Q2,2024-06,255,99151.11,7263.99,90640.99,9193.93,3724.6
2024-06-01,Outbound,Growth,Sales-led,2024,2024-Q2,2024-06,141,214330.01,13950.06,261287.34,18212.23,3101.6
2024-06-01,Outbound,Enterprise,Sales-led,2024,2024-Q2,2024-06,44,493029.4,22134.91,692614.38,29468.47,1622.6
2024-06-01,Marketplace,Starter,Partner,2024,2024-Q2,2024-06,565,36956.9,16323.15,201871.92,21176.85,8168.2
2024-06-01,Marketplace,Growth,Partner,2024,2024-Q2,2024-06,311,82447.87,30528.55,566633.86,39815.66,6768.5
2024-06-01,Marketplace,Enterprise,Partner,2024,2024-Q2,2024-06,97,191079.25,48479.51,1560211.49,63781.84,3683.9
2024-07-01,Paid Search,Starter,Paid,2024,2024-Q3,2024-07,1037,115446.39,30227.95,365357.65,39978.33,14685.2
2024-07-01,Paid Search,Growth,Paid,2024,2024-Q3,2024-07,572,259032.57,55745.02,1044214.65,71922.59,12507.5
2024-07-01,Paid Search,Enterprise,Paid,2024,2024-Q3,2024-07,174,589625.8,86419.62,2796389.37,112208.84,6656.6
2024-07-01,Paid Social,Starter,Paid,2024,2024-Q3,2024-07,833,71036.59,23966.34,296147.05,30783.94,12087.6
2024-07-01,Paid Social,Growth,Paid,2024,2024-Q3,2024-07,470,158864.49,46400.1,877137.61,59946.05,10418.5
2024-07-01,Paid Social,Enterprise,Paid,2024,2024-Q3,2024-07,150,375372.01,74285.79,2396643.97,97037,5633.7
2024-07-01,Content / SEO,Starter,Organic,2024,2024-Q3,2024-07,1162,57475.2,33892.39,414354.01,44590.76,16666.7
2024-07-01,Content / SEO,Growth,Organic,2024,2024-Q3,2024-07,650,131731.36,63456.84,1183774.7,81449.19,14161.7
2024-07-01,Content / SEO,Enterprise,Organic,2024,2024-Q3,2024-07,195,298052.51,96294.79,3108028.9,122806.45,7423.6
2024-07-01,Email,Starter,Owned,2024,2024-Q3,2024-07,487,21086.37,13900.18,171873.79,17894.67,7051.8
2024-07-01,Email,Growth,Owned,2024,2024-Q3,2024-07,264,46224.72,25962.95,492050.07,33565.65,5898.9
2024-07-01,Email,Enterprise,Owned,2024,2024-Q3,2024-07,86,111042.2,43517.83,1397786.38,57425.53,3249.8
2024-07-01,Referral,Starter,Earned,2024,2024-Q3,2024-07,396,16304.6,11559.26,145089.19,14966.65,5841.1
2024-07-01,Referral,Growth,Earned,2024,2024-Q3,2024-07,220,35018.84,22121.96,407932.62,29481.77,4778.2
2024-07-01,Referral,Enterprise,Earned,2024,2024-Q3,2024-07,73,88077.63,36212.95,1165253.54,47488.55,2720.2
2024-07-01,Outbound,Starter,Sales-led,2024,2024-Q3,2024-07,266,99920.8,7788.94,95153.78,10505.44,3811.6
2024-07-01,Outbound,Growth,Sales-led,2024,2024-Q3,2024-07,149,229148.06,14599.5,273055.72,18978.02,3251.5
2024-07-01,Outbound,Enterprise,Sales-led,2024,2024-Q3,2024-07,44,506337.28,21800.66,706717.16,28100.96,1668.6
2024-07-01,Marketplace,Starter,Partner,2024,2024-Q3,2024-07,582,38377,16647.39,203881.92,21544.08,8402.7
2024-07-01,Marketplace,Growth,Partner,2024,2024-Q3,2024-07,314,82203.04,31289.31,585289.52,40764.4,6908.5
2024-07-01,Marketplace,Enterprise,Partner,2024,2024-Q3,2024-07,103,202608.64,51035.1,1640682.03,66819.24,3881.8
2024-08-01,Paid Search,Starter,Paid,2024,2024-Q3,2024-08,965,108557.94,27890.18,346481.89,36364.95,14019.8
2024-08-01,Paid Search,Growth,Paid,2024,2024-Q3,2024-08,532,238092.82,52974.01,995159.76,69998.76,11700.6
2024-08-01,Paid Search,Enterprise,Paid,2024,2024-Q3,2024-08,167,561881.8,83526.01,2677496.72,110461.47,6300.7
2024-08-01,Paid Social,Starter,Paid,2024,2024-Q3,2024-08,820,69581.28,23657.65,290306.04,30801.4,11752.2
2024-08-01,Paid Social,Growth,Paid,2024,2024-Q3,2024-08,438,149059.36,42814.7,803094.45,56251.12,9591.5
2024-08-01,Paid Social,Enterprise,Paid,2024,2024-Q3,2024-08,132,336955.82,66387.19,2142124.51,87298.61,5044.1
2024-08-01,Content / SEO,Starter,Organic,2024,2024-Q3,2024-08,1090,55724.35,31167.82,389436.58,39604.79,15941.4
2024-08-01,Content / SEO,Growth,Organic,2024,2024-Q3,2024-08,581,115234.93,57937.8,1074960.49,75368.08,12776.3
2024-08-01,Content / SEO,Enterprise,Organic,2024,2024-Q3,2024-08,192,280289.92,95993.37,3064912.43,128720.47,7174.5
2024-08-01,Email,Starter,Owned,2024,2024-Q3,2024-08,447,19024,13116.38,159501.52,17563.66,6440.8
2024-08-01,Email,Growth,Owned,2024,2024-Q3,2024-08,261,43930.19,25984.44,472751.72,34817.18,5568.6
2024-08-01,Email,Enterprise,Owned,2024,2024-Q3,2024-08,81,103870.95,39878.68,1282616.08,51364.63,3040.4
2024-08-01,Referral,Starter,Earned,2024,2024-Q3,2024-08,384,15406.71,11053.57,135112.09,14508.34,5476.4
2024-08-01,Referral,Growth,Earned,2024,2024-Q3,2024-08,212,34506.55,20770.67,389683.37,26660.92,4636.3
2024-08-01,Referral,Enterprise,Earned,2024,2024-Q3,2024-08,65,79741.69,32230.64,1046854.16,41709.6,2481.6
2024-08-01,Outbound,Starter,Sales-led,2024,2024-Q3,2024-08,255,98982.05,7368.21,90760.83,9397.56,3677.9
2024-08-01,Outbound,Growth,Sales-led,2024,2024-Q3,2024-08,140,214064.15,13760.11,256765.37,17797.05,3075
2024-08-01,Outbound,Enterprise,Sales-led,2024,2024-Q3,2024-08,43,489875.48,21403.2,696321.05,28288.34,1620.7
2024-08-01,Marketplace,Starter,Partner,2024,2024-Q3,2024-08,552,35760.69,15979.15,195309.17,20990.65,7887.5
2024-08-01,Marketplace,Growth,Partner,2024,2024-Q3,2024-08,306,81081.78,29910.24,566012.89,38647.96,6733.1
2024-08-01,Marketplace,Enterprise,Partner,2024,2024-Q3,2024-08,92,185822.15,45717.26,1479188.48,59177.86,3510.7
2024-09-01,Paid Search,Starter,Paid,2024,2024-Q3,2024-09,859,95638.41,24808.3,303039.76,32600.25,12283.1
2024-09-01,Paid Search,Growth,Paid,2024,2024-Q3,2024-09,473,210970.16,46584.13,863379.37,59871.5,10280.2
2024-09-01,Paid Search,Enterprise,Paid,2024,2024-Q3,2024-09,150,507801.85,74255.33,2404149.62,95868.88,5704.7
2024-09-01,Paid Social,Starter,Paid,2024,2024-Q3,2024-09,699,59421.5,20306.98,250113.23,26254.37,10151.3
2024-09-01,Paid Social,Growth,Paid,2024,2024-Q3,2024-09,402,135742.52,39941.8,749464.26,52715.31,8814.7
2024-09-01,Paid Social,Enterprise,Paid,2024,2024-Q3,2024-09,127,322569.88,62816.61,2039439.63,81330.02,4786.1
2024-09-01,Content / SEO,Starter,Organic,2024,2024-Q3,2024-09,1010,50081.15,29485.35,359434.26,39070.94,14471.9
2024-09-01,Content / SEO,Growth,Organic,2024,2024-Q3,2024-09,557,112258.98,54170.34,1015364.16,69530.29,12141.3
2024-09-01,Content / SEO,Enterprise,Organic,2024,2024-Q3,2024-09,166,260155.11,81937.6,2693294.83,104171.81,6397.8
2024-09-01,Email,Starter,Owned,2024,2024-Q3,2024-09,422,18205.81,12128.56,150601.54,15546.32,6087.5
2024-09-01,Email,Growth,Owned,2024,2024-Q3,2024-09,220,38960.88,21550.45,408951.79,27661.84,4924.5
2024-09-01,Email,Enterprise,Owned,2024,2024-Q3,2024-09,68,87026.6,34315.3,1100665.19,45827.1,2583.5
2024-09-01,Referral,Starter,Earned,2024,2024-Q3,2024-09,331,13578.62,9523.42,117762.02,12275.05,4853.4
2024-09-01,Referral,Growth,Earned,2024,2024-Q3,2024-09,186,30065.87,18497.56,342917.76,24785.42,4080.2
2024-09-01,Referral,Enterprise,Earned,2024,2024-Q3,2024-09,59,71171.71,29160.91,932772.5,37951.37,2206.4
2024-09-01,Outbound,Starter,Sales-led,2024,2024-Q3,2024-09,228,86376.98,6634.55,81044.21,8832.54,3269.9
2024-09-01,Outbound,Growth,Sales-led,2024,2024-Q3,2024-09,124,189492.91,12311.27,227299.73,15973.38,2689.6
2024-09-01,Outbound,Enterprise,Sales-led,2024,2024-Q3,2024-09,39,449738.73,19186.59,625139.09,24462.89,1490.4
2024-09-01,Marketplace,Starter,Partner,2024,2024-Q3,2024-09,490,32633.18,14263.09,174323.06,18765.67,7088
2024-09-01,Marketplace,Growth,Partner,2024,2024-Q3,2024-09,274,71671.1,27081.17,501514.42,35379.55,6004.3
2024-09-01,Marketplace,Enterprise,Partner,2024,2024-Q3,2024-09,86,168209.25,42919.13,1385630.46,55503.98,3238.5
2024-10-01,Paid Search,Starter,Paid,2024,2024-Q4,2024-10,863,97553.33,24898.17,310325.94,32357.87,12624.4
2024-10-01,Paid Search,Growth,Paid,2024,2024-Q4,2024-10,470,209131.32,46519.62,868599.97,61636.97,10302.2
2024-10-01,Paid Search,Enterprise,Paid,2024,2024-Q4,2024-10,146,489138.67,72856.66,2347445.4,94764.36,5491.1
2024-10-01,Paid Social,Starter,Paid,2024,2024-Q4,2024-10,726,60628.16,20908.78,255713.88,27405.27,10329.4
2024-10-01,Paid Social,Growth,Paid,2024,2024-Q4,2024-10,388,132579.04,37886.47,705987.8,49002.79,8474
2024-10-01,Paid Social,Enterprise,Paid,2024,2024-Q4,2024-10,120,306113.87,59694.41,1925111.26,77699.68,4585
2024-10-01,Content / SEO,Starter,Organic,2024,2024-Q4,2024-10,960,49000.17,27355.62,334978.3,34953.74,13801.2
2024-10-01,Content / SEO,Growth,Organic,2024,2024-Q4,2024-10,521,104450.87,51921.97,955255.73,68443.55,11421.9
2024-10-01,Content / SEO,Enterprise,Organic,2024,2024-Q4,2024-10,167,244503.71,84203.72,2671505.36,111290.87,6197.5
2024-10-01,Email,Starter,Owned,2024,2024-Q4,2024-10,398,17117.47,11538.05,141558.69,15090.55,5772.8
2024-10-01,Email,Growth,Owned,2024,2024-Q4,2024-10,231,38742.88,22924.75,423056.69,30485.27,4978.2
2024-10-01,Email,Enterprise,Owned,2024,2024-Q4,2024-10,73,94337.66,36154.75,1162008.85,47416.7,2737.6
2024-10-01,Referral,Starter,Earned,2024,2024-Q4,2024-10,345,13979.99,10035.82,123259.79,13308.26,4932.6
2024-10-01,Referral,Growth,Earned,2024,2024-Q4,2024-10,187,30674.18,18288.35,343990.7,23356.95,4108.8
2024-10-01,Referral,Enterprise,Earned,2024,2024-Q4,2024-10,57,70218.47,28402.43,924527.3,37036.3,2186
2024-10-01,Outbound,Starter,Sales-led,2024,2024-Q4,2024-10,218,84270.49,6266.03,77863.07,8009.53,3176.4
2024-10-01,Outbound,Growth,Sales-led,2024,2024-Q4,2024-10,123,185121.01,12206.71,227450.43,15994.76,2681.7
2024-10-01,Outbound,Enterprise,Sales-led,2024,2024-Q4,2024-10,39,451524.63,19277.33,624405.41,25223.42,1472.4
2024-10-01,Marketplace,Starter,Partner,2024,2024-Q4,2024-10,490,31741.36,14217.62,174769.78,18536.88,7052.5
2024-10-01,Marketplace,Growth,Partner,2024,2024-Q4,2024-10,265,69857.14,25918.49,481256.36,33564.95,5734.2
2024-10-01,Marketplace,Enterprise,Partner,2024,2024-Q4,2024-10,83,165337.72,41435.97,1345460.84,53843.12,3177.4
2024-11-01,Paid Search,Starter,Paid,2024,2024-Q4,2024-11,790,88492.22,22971.47,281194.99,30587.78,11359.7
2024-11-01,Paid Search,Growth,Paid,2024,2024-Q4,2024-11,432,196209.22,42620.71,800872.35,55374.84,9522.8
2024-11-01,Paid Search,Enterprise,Paid,2024,2024-Q4,2024-11,138,461378.26,68672.29,2220720.25,89234.33,5247
2024-11-01,Paid Social,Starter,Paid,2024,2024-Q4,2024-11,636,54890.96,18519.25,228732.81,24378.86,9287.4
2024-11-01,Paid Social,Growth,Paid,2024,2024-Q4,2024-11,358,120210.89,35885.89,667466.19,47059.96,7844.8
2024-11-01,Paid Social,Enterprise,Paid,2024,2024-Q4,2024-11,116,291328.63,57589.96,1839971.5,75838.76,4309.5
2024-11-01,Content / SEO,Starter,Organic,2024,2024-Q4,2024-11,901,44008.37,26430.48,322898.75,35214.91,12918.5
2024-11-01,Content / SEO,Growth,Organic,2024,2024-Q4,2024-11,522,104443.64,51047.39,951230.16,66683.57,11273.7
2024-11-01,Content / SEO,Enterprise,Organic,2024,2024-Q4,2024-11,153,234929.66,74705.73,2442743.78,93589.44,5869.4
2024-11-01,Email,Starter,Owned,2024,2024-Q4,2024-11,395,16793.42,11313.99,138708.89,14667.44,5633
2024-11-01,Email,Growth,Owned,2024,2024-Q4,2024-11,206,35900.06,19929.28,377881.29,24940.32,4588.6
2024-11-01,Email,Enterprise,Owned,2024,2024-Q4,2024-11,64,83089.03,32105.37,1032863.14,41495.55,2433.4
2024-11-01,Referral,Starter,Earned,2024,2024-Q4,2024-11,305,12450.38,8792.02,109258.28,11138.63,4453.5
2024-11-01,Referral,Growth,Earned,2024,2024-Q4,2024-11,168,27244.3,16777.49,312716.98,22283.84,3695.4
2024-11-01,Referral,Enterprise,Earned,2024,2024-Q4,2024-11,54,66339.45,26787.33,867726.84,35046,2051.1
2024-11-01,Outbound,Starter,Sales-led,2024,2024-Q4,2024-11,214,81499.09,6208.67,76864.44,8220.25,3099.3
2024-11-01,Outbound,Growth,Sales-led,2024,2024-Q4,2024-11,112,172435.85,11027.01,206045.87,14405.21,2461
2024-11-01,Outbound,Enterprise,Sales-led,2024,2024-Q4,2024-11,34,393221.64,16814.39,541729.43,21331.56,1291.5
2024-11-01,Marketplace,Starter,Partner,2024,2024-Q4,2024-11,437,28988.15,12568.99,155308.71,16159.4,6341.4
2024-11-01,Marketplace,Growth,Partner,2024,2024-Q4,2024-11,245,63779.49,24529.74,456229.73,32321.16,5390.2
2024-11-01,Marketplace,Enterprise,Partner,2024,2024-Q4,2024-11,78,151365.31,38846.9,1251063.35,51944.71,2927.1
2024-12-01,Paid Search,Starter,Paid,2024,2024-Q4,2024-12,833,94399.47,23941.32,294180.71,30857.84,12011.9
2024-12-01,Paid Search,Growth,Paid,2024,2024-Q4,2024-12,470,210114.53,46588.42,867599.75,61021.17,10305.3
2024-12-01,Paid Search,Enterprise,Paid,2024,2024-Q4,2024-12,146,491861.02,72444.9,2314534.78,95283.35,5484.6
2024-12-01,Paid Social,Starter,Paid,2024,2024-Q4,2024-12,710,59697.5,20381.83,247873.06,26499.89,10122.1
2024-12-01,Paid Social,Growth,Paid,2024,2024-Q4,2024-12,384,130949.52,37518.27,705611.11,48514.48,8423.2
2024-12-01,Paid Social,Enterprise,Paid,2024,2024-Q4,2024-12,114,293617.64,57388.49,1848319.29,74598.28,4349.9
2024-12-01,Content / SEO,Starter,Organic,2024,2024-Q4,2024-12,960,49189.44,27395.77,342256.11,34973.83,14009.7
2024-12-01,Content / SEO,Growth,Organic,2024,2024-Q4,2024-12,498,99974.87,49540.67,918621.02,65459.18,10955.2
2024-12-01,Content / SEO,Enterprise,Organic,2024,2024-Q4,2024-12,168,248111.25,84775.64,2702947.79,115118.06,6308
2024-12-01,Email,Starter,Owned,2024,2024-Q4,2024-12,396,17212.5,11519.15,142963.83,15169.78,5815
2024-12-01,Email,Growth,Owned,2024,2024-Q4,2024-12,227,38504.18,22572.34,418839.33,30563.46,4928.4
2024-12-01,Email,Enterprise,Owned,2024,2024-Q4,2024-12,72,91402.49,35357.25,1130242.21,46023.31,2667.1
2024-12-01,Referral,Starter,Earned,2024,2024-Q4,2024-12,331,13215.33,9587.51,116011.82,12700.05,4700.2
2024-12-01,Referral,Growth,Earned,2024,2024-Q4,2024-12,183,30072.59,17822.66,334216.56,22946.81,4007.3
2024-12-01,Referral,Enterprise,Earned,2024,2024-Q4,2024-12,59,72708.72,29199.76,951497.71,37653.53,2272.7
2024-12-01,Outbound,Starter,Sales-led,2024,2024-Q4,2024-12,218,83511.91,6293.91,77148.68,8014.92,3142.7
2024-12-01,Outbound,Growth,Sales-led,2024,2024-Q4,2024-12,121,184252.46,11991.23,221746.25,15725.61,2636.3
2024-12-01,Outbound,Enterprise,Sales-led,2024,2024-Q4,2024-12,39,446213.74,19263.31,629617.54,24910.06,1478.8
2024-12-01,Marketplace,Starter,Partner,2024,2024-Q4,2024-12,484,31309.71,14007.7,172347.04,18471.29,6963
2024-12-01,Marketplace,Growth,Partner,2024,2024-Q4,2024-12,267,70801.75,26042.83,490601.86,33435.03,5847.5
2024-12-01,Marketplace,Enterprise,Partner,2024,2024-Q4,2024-12,81,163165.6,40351.69,1298983.09,52236.43,3079.5
2025-01-01,Paid Search,Starter,Paid,2025,2025-Q1,2025-01,925,103667.55,26827.85,333595.4,34869.98,13398.1
2025-01-01,Paid Search,Growth,Paid,2025,2025-Q1,2025-01,495,226640.89,48707.45,907298.43,62601.68,10819.6
2025-01-01,Paid Search,Enterprise,Paid,2025,2025-Q1,2025-01,152,512123.75,75700.08,2436643.37,98349.75,5779
2025-01-01,Paid Social,Starter,Paid,2025,2025-Q1,2025-01,722,62307.38,20879.86,257541.7,27134.65,10542.4
2025-01-01,Paid Social,Growth,Paid,2025,2025-Q1,2025-01,408,137877.36,40724.65,757782.77,54227.35,8977.4
2025-01-01,Paid Social,Enterprise,Paid,2025,2025-Q1,2025-01,135,335584.57,66828.26,2142479.19,87227.02,5042.7
2025-01-01,Content / SEO,Starter,Organic,2025,2025-Q1,2025-01,1021,50201.89,29928.39,360982.49,39868.59,14601.5
2025-01-01,Content / SEO,Growth,Organic,2025,2025-Q1,2025-01,589,116197.09,57732.61,1069364,74967.89,12693.7
2025-01-01,Content / SEO,Enterprise,Organic,2025,2025-Q1,2025-01,178,272873.55,87634.44,2844953.65,109392.69,6748.4
2025-01-01,Email,Starter,Owned,2025,2025-Q1,2025-01,440,18763.12,12786.13,155889.05,16901.31,6262.1
2025-01-01,Email,Growth,Owned,2025,2025-Q1,2025-01,236,41100.54,23204.43,434894.75,29788.38,5181.4
2025-01-01,Email,Enterprise,Owned,2025,2025-Q1,2025-01,71,91527.64,35430.39,1149108.82,46241.65,2704.9
2025-01-01,Referral,Starter,Earned,2025,2025-Q1,2025-01,357,14540.49,10347.41,128348.49,13549.96,5207.6
2025-01-01,Referral,Growth,Earned,2025,2025-Q1,2025-01,196,31778.35,19594.36,369174.67,25587.73,4316.2
2025-01-01,Referral,Enterprise,Earned,2025,2025-Q1,2025-01,63,77730.2,31284.71,1007100.89,40257.6,2369.8
2025-01-01,Outbound,Starter,Sales-led,2025,2025-Q1,2025-01,242,91475.72,7005.95,85605.03,9269.95,3450.4
2025-01-01,Outbound,Growth,Sales-led,2025,2025-Q1,2025-01,132,203419.3,12921.96,241499.03,16775.87,2905
2025-01-01,Outbound,Enterprise,Sales-led,2025,2025-Q1,2025-01,38,438421.81,18878.95,611696.55,24562.38,1452.7
2025-01-01,Marketplace,Starter,Partner,2025,2025-Q1,2025-01,514,34561.27,14759.86,181411.42,18793.47,7434.7
2025-01-01,Marketplace,Growth,Partner,2025,2025-Q1,2025-01,276,71839.24,27404.55,501778.99,35806.56,6025.8
2025-01-01,Marketplace,Enterprise,Partner,2025,2025-Q1,2025-01,90,172476.56,44972.34,1435327.99,59317.71,3354.8
2025-02-01,Paid Search,Starter,Paid,2025,2025-Q1,2025-02,890,99711.14,25619.06,316180.66,33098.21,12888.4
2025-02-01,Paid Search,Growth,Paid,2025,2025-Q1,2025-02,497,220012.52,49167.52,921714.51,63835.04,10875.4
2025-02-01,Paid Search,Enterprise,Paid,2025,2025-Q1,2025-02,152,513540.68,75654.08,2457295,99215.61,5753.9
2025-02-01,Paid Social,Starter,Paid,2025,2025-Q1,2025-02,759,63017.96,22084.44,271543.87,29111.18,10847.4
2025-02-01,Paid Social,Growth,Paid,2025,2025-Q1,2025-02,419,143935.59,40985.02,767962.57,53041.38,9141.8
2025-02-01,Paid Social,Enterprise,Paid,2025,2025-Q1,2025-02,123,317567.74,60933.99,1979628.04,78734.54,4726
2025-02-01,Content / SEO,Starter,Organic,2025,2025-Q1,2025-02,1006,51133.48,28502.04,355502.47,36200.64,14645.4
2025-02-01,Content / SEO,Growth,Organic,2025,2025-Q1,2025-02,532,108307.92,52748.47,995539.61,69332.25,11886.7
2025-02-01,Content / SEO,Enterprise,Organic,2025,2025-Q1,2025-02,172,252925.27,87471.63,2786793.41,118340.21,6444
2025-02-01,Email,Starter,Owned,2025,2025-Q1,2025-02,418,18098.76,12149.91,151078.97,15617.84,6157.8
2025-02-01,Email,Growth,Owned,2025,2025-Q1,2025-02,236,39684.34,23410.4,430338.73,31530.31,5082.7
2025-02-01,Email,Enterprise,Owned,2025,2025-Q1,2025-02,74,94926.69,36743.98,1171716.47,48074.42,2778.8
2025-02-01,Referral,Starter,Earned,2025,2025-Q1,2025-02,350,14136.82,10109.86,122525.6,13229.82,4968
2025-02-01,Referral,Growth,Earned,2025,2025-Q1,2025-02,191,30967.55,18645.33,347141.98,23990.56,4164
2025-02-01,Referral,Enterprise,Earned,2025,2025-Q1,2025-02,58,70486.26,28575.76,928464.84,36308.46,2209.4
2025-02-01,Outbound,Starter,Sales-led,2025,2025-Q1,2025-02,228,87716.32,6563.94,80883.94,8483.47,3307.2
2025-02-01,Outbound,Growth,Sales-led,2025,2025-Q1,2025-02,130,198949.09,12967.26,242422.35,16819.85,2842
2025-02-01,Outbound,Enterprise,Sales-led,2025,2025-Q1,2025-02,42,480643.28,20957.7,669000.37,27647.89,1562
2025-02-01,Marketplace,Starter,Partner,2025,2025-Q1,2025-02,502,32314.68,14634.6,180151.28,19512.47,7226.1
2025-02-01,Marketplace,Growth,Partner,2025,2025-Q1,2025-02,286,75339.38,27934.76,528235.61,36043.23,6264.3
2025-02-01,Marketplace,Enterprise,Partner,2025,2025-Q1,2025-02,86,174771.09,42741.16,1407649.34,55437.53,3328.1
2025-03-01,Paid Search,Starter,Paid,2025,2025-Q1,2025-03,1068,118972.8,31083.99,378466.08,41666.91,15324.1
2025-03-01,Paid Search,Growth,Paid,2025,2025-Q1,2025-03,587,264381.05,57625.88,1077012.07,75391.91,12852.9
2025-03-01,Paid Search,Enterprise,Paid,2025,2025-Q1,2025-03,183,614815.88,91072.54,2942904.55,117199.95,6938.5
2025-03-01,Paid Social,Starter,Paid,2025,2025-Q1,2025-03,866,73857.43,24960.86,306393.82,32528.46,12527.7
2025-03-01,Paid Social,Growth,Paid,2025,2025-Q1,2025-03,485,164196.94,48004.22,895222.25,61606.14,10650.5
2025-03-01,Paid Social,Enterprise,Paid,2025,2025-Q1,2025-03,156,395465.96,77042.78,2468259.77,100511.57,5830.1
2025-03-01,Content / SEO,Starter,Organic,2025,2025-Q1,2025-03,1206,59456.63,35524.23,433765.22,47888.78,17292.2
2025-03-01,Content / SEO,Growth,Organic,2025,2025-Q1,2025-03,694,139011.89,68195.15,1275261.47,88793.95,15150.8
2025-03-01,Content / SEO,Enterprise,Organic,2025,2025-Q1,2025-03,207,317164.95,100817.95,3295415.7,127550.4,7921.1
2025-03-01,Email,Starter,Owned,2025,2025-Q1,2025-03,530,22579.73,15171.21,186942.69,19837.85,7548.1
2025-03-01,Email,Growth,Owned,2025,2025-Q1,2025-03,276,48898.62,27020.16,514919.48,34025.93,6182.1
2025-03-01,Email,Enterprise,Owned,2025,2025-Q1,2025-03,87,112858.85,43984.54,1421607.48,58964.22,3334.7
2025-03-01,Referral,Starter,Earned,2025,2025-Q1,2025-03,407,16859.95,11658.16,145156.21,14602.59,5959.9
2025-03-01,Referral,Growth,Earned,2025,2025-Q1,2025-03,228,36652.39,22737.96,421610.77,30150.34,5009.7
2025-03-01,Referral,Enterprise,Earned,2025,2025-Q1,2025-03,75,89942.59,37400.03,1187885.36,50043.78,2783.4
2025-03-01,Outbound,Starter,Sales-led,2025,2025-Q1,2025-03,282,107100.54,8205.29,100322.55,10958.52,4061
2025-03-01,Outbound,Growth,Sales-led,2025,2025-Q1,2025-03,151,228831.18,14949.28,276741.8,19753.09,3276.6
2025-03-01,Outbound,Enterprise,Sales-led,2025,2025-Q1,2025-03,47,534382.97,23389.03,753750.37,29793.42,1779.7
2025-03-01,Marketplace,Starter,Partner,2025,2025-Q1,2025-03,598,39292.02,17280.51,211827.62,22556.89,8604.9
2025-03-01,Marketplace,Growth,Partner,2025,2025-Q1,2025-03,327,85289.35,32619.65,604017.71,43424.19,7153.5
2025-03-01,Marketplace,Enterprise,Partner,2025,2025-Q1,2025-03,107,208380.71,53265.09,1711732.54,70144.21,4032.3
2025-04-01,Paid Search,Starter,Paid,2025,2025-Q2,2025-04,1124,128597.3,32323.5,396145.08,41342.12,16176.7
2025-04-01,Paid Search,Growth,Paid,2025,2025-Q2,2025-04,636,282931.22,62928.71,1170504.45,82179.05,13931.7
2025-04-01,Paid Search,Enterprise,Paid,2025,2025-Q2,2025-04,198,661994.43,98984.6,3179442.85,131642.15,7430.5
2025-04-01,Paid Social,Starter,Paid,2025,2025-Q2,2025-04,955,80381.84,27409.32,339062.61,35772.93,13816.8
2025-04-01,Paid Social,Growth,Paid,2025,2025-Q2,2025-04,518,175105.06,50958.22,948077.83,66640.72,11229.3
2025-04-01,Paid Social,Enterprise,Paid,2025,2025-Q2,2025-04,158,405101.22,79096.76,2524893.43,101228.56,5964.6
2025-04-01,Content / SEO,Starter,Organic,2025,2025-Q2,2025-04,1292,66101.88,36826.77,456328.92,47040.44,18711.8
2025-04-01,Content / SEO,Growth,Organic,2025,2025-Q2,2025-04,690,139744.58,67953.51,1270541.97,87971.48,15237.9
2025-04-01,Content / SEO,Enterprise,Organic,2025,2025-Q2,2025-04,224,330231.62,112962.55,3577808.36,150913.05,8372
2025-04-01,Email,Starter,Owned,2025,2025-Q2,2025-04,527,22859.04,15308.43,188689.1,19965.7,7700.4
2025-04-01,Email,Growth,Owned,2025,2025-Q2,2025-04,309,52042.32,30943.29,575205.18,41703.31,6698.6
2025-04-01,Email,Enterprise,Owned,2025,2025-Q2,2025-04,97,124366.86,47898.3,1550321.69,61905.53,3640.6
2025-04-01,Referral,Starter,Earned,2025,2025-Q2,2025-04,454,18114.31,13236.56,161049.05,17618.04,6473.7
2025-04-01,Referral,Growth,Earned,2025,2025-Q2,2025-04,247,40412.27,24055.09,445597.45,31306.72,5346.3
2025-04-01,Referral,Enterprise,Earned,2025,2025-Q2,2025-04,76,92648.73,37717.9,1219538.53,48535.76,2897.8
2025-04-01,Outbound,Starter,Sales-led,2025,2025-Q2,2025-04,295,113411.66,8487.2,104575.52,10940.85,4268.9
2025-04-01,Outbound,Growth,Sales-led,2025,2025-Q2,2025-04,164,252243.35,16103.22,304048.36,20737.6,3642.8
2025-04-01,Outbound,Enterprise,Sales-led,2025,2025-Q2,2025-04,50,567815.41,25074.21,800764.03,33620.42,1872
2025-04-01,Marketplace,Starter,Partner,2025,2025-Q2,2025-04,643,41828.62,18725.9,229930.49,24807.37,9258.9
2025-04-01,Marketplace,Growth,Partner,2025,2025-Q2,2025-04,362,94790.08,35478.3,662599.55,46111.65,7887.6
2025-04-01,Marketplace,Enterprise,Partner,2025,2025-Q2,2025-04,110,218688.75,54218.61,1742524.82,69207.18,4159.4
2025-05-01,Paid Search,Starter,Paid,2025,2025-Q2,2025-05,1242,138543.64,36196.03,448288.16,46933.62,17954.4
2025-05-01,Paid Search,Growth,Paid,2025,2025-Q2,2025-05,674,304512.92,66835.91,1243616.68,86792.03,14702.6
2025-05-01,Paid Search,Enterprise,Paid,2025,2025-Q2,2025-05,207,704769.99,102738.34,3324037.62,133307.87,7879.3
2025-05-01,Paid Social,Starter,Paid,2025,2025-Q2,2025-05,976,83770.02,28252.83,347366.1,36791.54,14149.9
2025-05-01,Paid Social,Growth,Paid,2025,2025-Q2,2025-05,557,187745.97,55471.72,1038983.77,72998.59,12286.2
2025-05-01,Paid Social,Enterprise,Paid,2025,2025-Q2,2025-05,179,446306.01,88774.82,2853411.72,116690.12,6703.8
2025-05-01,Content / SEO,Starter,Organic,2025,2025-Q2,2025-05,1363,67278.57,40108.78,489040.18,52938.13,19576.2
2025-05-01,Content / SEO,Growth,Organic,2025,2025-Q2,2025-05,780,153499.56,77131.74,1422802.47,102149.42,16781.2
2025-05-01,Content / SEO,Enterprise,Organic,2025,2025-Q2,2025-05,238,366903.59,115664.75,3810213.15,145636.37,9150.3
2025-05-01,Email,Starter,Owned,2025,2025-Q2,2025-05,612,25988.65,17627,215912.63,23065.88,8712.7
2025-05-01,Email,Growth,Owned,2025,2025-Q2,2025-05,322,56106.1,31205.19,584644.3,39177.43,7115.5
2025-05-01,Email,Enterprise,Owned,2025,2025-Q2,2025-05,97,125856.75,48701.03,1569791.78,63106.73,3712.7
2025-05-01,Referral,Starter,Earned,2025,2025-Q2,2025-05,477,19557.2,13686.19,168745.21,17508.36,6941.1
2025-05-01,Referral,Growth,Earned,2025,2025-Q2,2025-05,263,42934.03,26268.06,497322.54,33935.89,5840
2025-05-01,Referral,Enterprise,Earned,2025,2025-Q2,2025-05,84,101944.73,42261.68,1339061.02,55538.6,3137.9
2025-05-01,Outbound,Starter,Sales-led,2025,2025-Q2,2025-05,318,120889.03,9240.87,113816.66,12111.53,4587.5
2025-05-01,Outbound,Growth,Sales-led,2025,2025-Q2,2025-05,177,270098.9,17480.12,323859.07,23079.46,3861.3
2025-05-01,Outbound,Enterprise,Sales-led,2025,2025-Q2,2025-05,54,627654.81,26884.4,869402.53,34975.43,2062.2
2025-05-01,Marketplace,Starter,Partner,2025,2025-Q2,2025-05,687,45857.54,19839.4,246936.23,25671.24,10016.5
2025-05-01,Marketplace,Growth,Partner,2025,2025-Q2,2025-05,369,96723.13,36759.63,682313.26,47870.81,8090.7
2025-05-01,Marketplace,Enterprise,Partner,2025,2025-Q2,2025-05,118,228094.82,59514.66,1907086.06,80773.16,4429.6
2025-06-01,Paid Search,Starter,Paid,2025,2025-Q2,2025-06,1184,132714.65,33965.99,416478.4,43607.31,17035.6
2025-06-01,Paid Search,Growth,Paid,2025,2025-Q2,2025-06,649,288976.08,64191.55,1195818.94,83812.6,14225.7
2025-06-01,Paid Search,Enterprise,Paid,2025,2025-Q2,2025-06,208,697137.47,103638.69,3342306.32,136802.72,7872.4
2025-06-01,Paid Social,Starter,Paid,2025,2025-Q2,2025-06,1008,84810.6,29024.15,356381.33,38146.41,14450.9
2025-06-01,Paid Social,Growth,Paid,2025,2025-Q2,2025-06,558,191573.61,54732.43,1029824.39,71048.11,12288.1
2025-06-01,Paid Social,Enterprise,Paid,2025,2025-Q2,2025-06,168,431800.28,83773.27,2711251.48,109327.22,6392.9
2025-06-01,Content / SEO,Starter,Organic,2025,2025-Q2,2025-06,1360,69309.84,38702.63,484133.7,49546.04,19848.6
2025-06-01,Content / SEO,Growth,Organic,2025,2025-Q2,2025-06,722,146655.93,71438.22,1349991.5,93288.67,16108.3
2025-06-01,Content / SEO,Enterprise,Organic,2025,2025-Q2,2025-06,233,340854.49,118179.87,3761910.1,159061.45,8721.4
2025-06-01,Email,Starter,Owned,2025,2025-Q2,2025-06,543,23735.75,15848.44,195381.2,20543.71,7965.8
2025-06-01,Email,Growth,Owned,2025,2025-Q2,2025-06,313,52804.86,31364.89,576537.63,42588.13,6764.4
2025-06-01,Email,Enterprise,Owned,2025,2025-Q2,2025-06,101,128592.93,50062.54,1614849.22,65730.22,3771.1
2025-06-01,Referral,Starter,Earned,2025,2025-Q2,2025-06,473,18951.06,13719.14,167786.62,18341.04,6768.1
2025-06-01,Referral,Growth,Earned,2025,2025-Q2,2025-06,262,42061.97,25444,471935.89,33010.21,5667.5
2025-06-01,Referral,Enterprise,Earned,2025,2025-Q2,2025-06,79,97699.71,39111.46,1280224.4,50526.95,3030.6
2025-06-01,Outbound,Starter,Sales-led,2025,2025-Q2,2025-06,307,117866.61,8824.23,108628.6,11309.6,4437.5
2025-06-01,Outbound,Growth,Sales-led,2025,2025-Q2,2025-06,173,264408.35,17062.54,319722.87,22195.57,3796.6
2025-06-01,Outbound,Enterprise,Sales-led,2025,2025-Q2,2025-06,54,625779.77,26788.84,857346.91,34756.58,2041.9
2025-06-01,Marketplace,Starter,Partner,2025,2025-Q2,2025-06,692,45171.01,20111.8,247278.23,26452.08,9982.9
2025-06-01,Marketplace,Growth,Partner,2025,2025-Q2,2025-06,379,100082.21,37087.78,697483.78,48024.92,8309.4
2025-06-01,Marketplace,Enterprise,Partner,2025,2025-Q2,2025-06,113,226173.9,55836.71,1817264.39,71620.31,4319.2
2025-07-01,Paid Search,Starter,Paid,2025,2025-Q3,2025-07,1232,136925.49,35929.84,439009.58,48131.15,17724
2025-07-01,Paid Search,Growth,Paid,2025,2025-Q3,2025-07,671,301820.1,65522.92,1226448.33,84716.88,14685.1
2025-07-01,Paid Search,Enterprise,Paid,2025,2025-Q3,2025-07,205,696233.76,102274.97,3300907.25,131138.51,7794.4
2025-07-01,Paid Social,Starter,Paid,2025,2025-Q3,2025-07,983,83921.11,28461.36,347157.1,36826.81,14166.5
2025-07-01,Paid Social,Growth,Paid,2025,2025-Q3,2025-07,542,181753.19,53728.08,991337.77,70289.93,11847.7
2025-07-01,Paid Social,Enterprise,Paid,2025,2025-Q3,2025-07,177,442009.33,87977.56,2823627.47,115963.94,6639.7
2025-07-01,Content / SEO,Starter,Organic,2025,2025-Q3,2025-07,1373,68302.89,40122.5,488895.82,53315.48,19825.7
2025-07-01,Content / SEO,Growth,Organic,2025,2025-Q3,2025-07,791,157349.73,77922.08,1444982.15,101935.87,17083.2
2025-07-01,Content / SEO,Enterprise,Organic,2025,2025-Q3,2025-07,235,357859.14,115389.43,3731404.67,145398.03,8911.8
2025-07-01,Email,Starter,Owned,2025,2025-Q3,2025-07,609,25744.77,17564.1,214823.36,23000.79,8645.4
2025-07-01,Email,Growth,Owned,2025,2025-Q3,2025-07,321,56057.95,31503.88,595005.23,39781.19,7102.2
2025-07-01,Email,Enterprise,Owned,2025,2025-Q3,2025-07,98,128724.7,48877.96,1592154.79,63702.58,3789.2
2025-07-01,Referral,Starter,Earned,2025,2025-Q3,2025-07,470,19292.06,13537.1,167045.83,17412.33,6812.3
2025-07-01,Referral,Growth,Earned,2025,2025-Q3,2025-07,263,42728.31,26196.06,489458.18,34654.87,5812.6
2025-07-01,Referral,Enterprise,Earned,2025,2025-Q3,2025-07,81,97608.6,40683.53,1302672.66,53502,3031.2
2025-07-01,Outbound,Starter,Sales-led,2025,2025-Q3,2025-07,322,121713.66,9384.86,115476.4,12380.74,4630.6
2025-07-01,Outbound,Growth,Sales-led,2025,2025-Q3,2025-07,175,266400.02,17155.16,317656.77,22526.06,3789.2
2025-07-01,Outbound,Enterprise,Sales-led,2025,2025-Q3,2025-07,52,596377.55,25858.39,836005.1,33895.8,1982.2
2025-07-01,Marketplace,Starter,Partner,2025,2025-Q3,2025-07,682,45127.35,19459.58,238554.78,25020.72,9812.1
2025-07-01,Marketplace,Growth,Partner,2025,2025-Q3,2025-07,371,97713.58,36744.7,684615.99,48185.2,8205.3
2025-07-01,Marketplace,Enterprise,Partner,2025,2025-Q3,2025-07,118,227833.89,59052.83,1893658.91,77650.23,4427.2
2025-08-01,Paid Search,Starter,Paid,2025,2025-Q3,2025-08,1107,125130.75,31916.33,392186.66,41373.19,15984.6
2025-08-01,Paid Search,Growth,Paid,2025,2025-Q3,2025-08,627,278774.14,62079.76,1156359.09,81333.77,13726
2025-08-01,Paid Search,Enterprise,Paid,2025,2025-Q3,2025-08,198,663338.44,98598.52,3181645.28,129753.64,7443.3
2025-08-01,Paid Social,Starter,Paid,2025,2025-Q3,2025-08,952,79186.17,27541.58,338984.71,36160.63,13642
2025-08-01,Paid Social,Growth,Paid,2025,2025-Q3,2025-08,528,179133.71,51555.1,970970.37,66599.44,11516.6
2025-08-01,Paid Social,Enterprise,Paid,2025,2025-Q3,2025-08,162,423127.18,80486.37,2603812.36,104340.42,6191.8
2025-08-01,Content / SEO,Starter,Organic,2025,2025-Q3,2025-08,1290,65437.36,36740.12,454459.78,46501.36,18526.2
2025-08-01,Content / SEO,Growth,Organic,2025,2025-Q3,2025-08,677,138455.25,66244.83,1254834.65,84257.31,15101.2
2025-08-01,Content / SEO,Enterprise,Organic,2025,2025-Q3,2025-08,215,318451.28,109308.82,3478294.38,146779.19,8064.4
2025-08-01,Email,Starter,Owned,2025,2025-Q3,2025-08,516,22580.67,14788.15,184821.77,18932.85,7613.1
2025-08-01,Email,Growth,Owned,2025,2025-Q3,2025-08,293,49699.26,29259.6,541561.85,38799.35,6393.8
2025-08-01,Email,Enterprise,Owned,2025,2025-Q3,2025-08,95,121505.07,47023.58,1494956.43,61099.1,3525.3
2025-08-01,Referral,Starter,Earned,2025,2025-Q3,2025-08,435,17394.52,12702.69,154683.47,16770.58,6231.4
2025-08-01,Referral,Growth,Earned,2025,2025-Q3,2025-08,241,39387.92,23703.88,439934.5,31054.73,5234.3
2025-08-01,Referral,Enterprise,Earned,2025,2025-Q3,2025-08,76,92144.12,37859.45,1223361.34,49480.86,2880.7
2025-08-01,Outbound,Starter,Sales-led,2025,2025-Q3,2025-08,288,111734.78,8312.74,102456.49,10929.85,4174.8
2025-08-01,Outbound,Growth,Sales-led,2025,2025-Q3,2025-08,162,246406.11,15994.8,300203.55,20740.49,3566.2
2025-08-01,Outbound,Enterprise,Sales-led,2025,2025-Q3,2025-08,50,566035.26,24822.44,796934.23,32458,1869.1
2025-08-01,Marketplace,Starter,Partner,2025,2025-Q3,2025-08,640,41479.59,18873.27,231520.92,24989.22,9211.4
2025-08-01,Marketplace,Growth,Partner,2025,2025-Q3,2025-08,362,95134.11,35556.52,661241.45,45936.21,7836.4
2025-08-01,Marketplace,Enterprise,Partner,2025,2025-Q3,2025-08,108,215638.35,52729.9,1712556.05,67066.64,4101.8
2025-09-01,Paid Search,Starter,Paid,2025,2025-Q3,2025-09,1039,116015.67,30167.65,369385.65,40118.33,14894.9
2025-09-01,Paid Search,Growth,Paid,2025,2025-Q3,2025-09,567,255215.2,55927.6,1039018.15,73338.64,12415.2
2025-09-01,Paid Search,Enterprise,Paid,2025,2025-Q3,2025-09,175,585448.56,86566.78,2801785.52,111426.87,6679.3
2025-09-01,Paid Social,Starter,Paid,2025,2025-Q3,2025-09,847,72593.59,24398.26,301501.15,31461.8,12292.6
2025-09-01,Paid Social,Growth,Paid,2025,2025-Q3,2025-09,462,156890.56,46472.02,863893.1,61497.73,10175.2
2025-09-01,Paid Social,Enterprise,Paid,2025,2025-Q3,2025-09,151,376407.06,75640.35,2428227.78,98797.22,5664
2025-09-01,Content / SEO,Starter,Organic,2025,2025-Q3,2025-09,1157,57201.95,33890.23,413520.64,45034.81,16675.5
2025-09-01,Content / SEO,Growth,Organic,2025,2025-Q3,2025-09,676,132446.57,67209.5,1238555.67,90002.01,14542.3
2025-09-01,Content / SEO,Enterprise,Organic,2025,2025-Q3,2025-09,207,315828.62,101401.43,3328252.48,129572,7897.1
2025-09-01,Email,Starter,Owned,2025,2025-Q3,2025-09,521,22198.77,15160.73,184275.45,20225.72,7376.4
2025-09-01,Email,Growth,Owned,2025,2025-Q3,2025-09,281,48604.88,27145.52,509631.79,34434.39,6165.2
2025-09-01,Email,Enterprise,Owned,2025,2025-Q3,2025-09,83,107826.58,41275.95,1351499.78,52707.31,3207.3
2025-09-01,Referral,Starter,Earned,2025,2025-Q3,2025-09,402,16450.23,11570.62,142863.96,14935.99,5821
2025-09-01,Referral,Growth,Earned,2025,2025-Q3,2025-09,220,35614.24,21828.35,408521.21,28659.86,4846
2025-09-01,Referral,Enterprise,Earned,2025,2025-Q3,2025-09,71,85244.91,35623.03,1129231,47680.79,2647.4
2025-09-01,Outbound,Starter,Sales-led,2025,2025-Q3,2025-09,278,105507.65,8019.35,98031.5,10472.28,3995.1
2025-09-01,Outbound,Growth,Sales-led,2025,2025-Q3,2025-09,147,224479.42,14437.12,269514.6,18902.72,3204.7
2025-09-01,Outbound,Enterprise,Sales-led,2025,2025-Q3,2025-09,46,529555.15,23249.22,744378.51,30467.9,1741.4
2025-09-01,Marketplace,Starter,Partner,2025,2025-Q3,2025-09,591,39361.14,16878.91,210529.62,21628.07,8603.6
2025-09-01,Marketplace,Growth,Partner,2025,2025-Q3,2025-09,315,82040.35,31181.37,581977.99,40802.21,6933.5
2025-09-01,Marketplace,Enterprise,Partner,2025,2025-Q3,2025-09,105,201870.49,52869.48,1688077.53,70779.1,3936.3
2025-10-01,Paid Search,Starter,Paid,2025,2025-Q4,2025-10,986,111971.36,28324.57,349752.21,36386.92,14337.2
2025-10-01,Paid Search,Growth,Paid,2025,2025-Q4,2025-10,552,245010.68,54718.1,1017647.37,71824.6,12058.4
2025-10-01,Paid Search,Enterprise,Paid,2025,2025-Q4,2025-10,183,611950.24,90973.87,2907914.98,119960.71,6834.7
2025-10-01,Paid Social,Starter,Paid,2025,2025-Q4,2025-10,843,70327.78,24575.5,300988.17,33008.62,12074.2
2025-10-01,Paid Social,Growth,Paid,2025,2025-Q4,2025-10,480,161406.77,46806.7,874329.92,60288.69,10410.6
2025-10-01,Paid Social,Enterprise,Paid,2025,2025-Q4,2025-10,143,368732.25,70067.84,2279038.34,88431.05,5460.8
2025-10-01,Content / SEO,Starter,Organic,2025,2025-Q4,2025-10,1155,57984.77,32899.8,403043.57,42323.66,16520.4
2025-10-01,Content / SEO,Growth,Organic,2025,2025-Q4,2025-10,621,128111.25,60720.33,1152647.98,77295.06,13837
2025-10-01,Content / SEO,Enterprise,Organic,2025,2025-Q4,2025-10,195,293250.52,97870.71,3103509.55,129470.16,7327.9
2025-10-01,Email,Starter,Owned,2025,2025-Q4,2025-10,470,20556.99,13501.17,168445.08,17014.95,6910.3
2025-10-01,Email,Growth,Owned,2025,2025-Q4,2025-10,265,45773.99,26373.22,489540.19,34784.66,5777.1
2025-10-01,Email,Enterprise,Owned,2025,2025-Q4,2025-10,84,108380.99,42015.21,1350662.17,56033.68,3153.1
2025-10-01,Referral,Starter,Earned,2025,2025-Q4,2025-10,405,16368.95,11700.32,144346.03,15317.31,5868.7
2025-10-01,Referral,Growth,Earned,2025,2025-Q4,2025-10,219,35625.95,21500.38,401882.41,28043.52,4785.7
2025-10-01,Referral,Enterprise,Earned,2025,2025-Q4,2025-10,68,83808.23,33576.61,1080848.12,43187.14,2568.3
2025-10-01,Outbound,Starter,Sales-led,2025,2025-Q4,2025-10,255,98739.31,7360.32,90559.95,9475.32,3697.4
2025-10-01,Outbound,Growth,Sales-led,2025,2025-Q4,2025-10,144,219213.5,14362.33,267920.85,19091.15,3161.3
2025-10-01,Outbound,Enterprise,Sales-led,2025,2025-Q4,2025-10,46,515042.52,22849.71,731606.56,30096.41,1714.6
2025-10-01,Marketplace,Starter,Partner,2025,2025-Q4,2025-10,570,36828.02,16588.85,201088.57,21888.73,8178.9
2025-10-01,Marketplace,Growth,Partner,2025,2025-Q4,2025-10,324,84082.18,31782.77,587755.57,41388.41,6978.9
2025-10-01,Marketplace,Enterprise,Partner,2025,2025-Q4,2025-10,102,205978.04,49946.03,1620318.95,63478.67,3869.3
2025-11-01,Paid Search,Starter,Paid,2025,2025-Q4,2025-11,940,104177.26,27255.37,335412.82,35579.61,13478.7
2025-11-01,Paid Search,Growth,Paid,2025,2025-Q4,2025-11,501,227990.37,49310.14,924474.49,63535.69,11019.8
2025-11-01,Paid Search,Enterprise,Paid,2025,2025-Q4,2025-11,155,530117.63,78027.56,2504863.78,103193.82,5866.2
2025-11-01,Paid Social,Starter,Paid,2025,2025-Q4,2025-11,746,65139.44,21457.36,266320.54,27542.02,10876
2025-11-01,Paid Social,Growth,Paid,2025,2025-Q4,2025-11,403,137655.97,40245.51,748873.5,53592.86,8922.6
2025-11-01,Paid Social,Enterprise,Paid,2025,2025-Q4,2025-11,132,328528.34,66228.81,2121329.38,89069,4949
2025-11-01,Content / SEO,Starter,Organic,2025,2025-Q4,2025-11,1016,50687.45,29793.47,361823.87,39575.7,14700
2025-11-01,Content / SEO,Growth,Organic,2025,2025-Q4,2025-11,581,113325.07,58223.03,1064330.11,78038.01,12403.6
2025-11-01,Content / SEO,Enterprise,Organic,2025,2025-Q4,2025-11,181,271324.33,88988.78,2872915.29,112792.7,6805.6
2025-11-01,Email,Starter,Owned,2025,2025-Q4,2025-11,448,18746.98,13018.37,156849.94,17334.25,6306
2025-11-01,Email,Growth,Owned,2025,2025-Q4,2025-11,240,41283.8,23461.36,435263.16,30414.05,5213.7
2025-11-01,Email,Enterprise,Owned,2025,2025-Q4,2025-11,76,98292.36,37528.09,1205316.14,47803.02,2889.3
2025-11-01,Referral,Starter,Earned,2025,2025-Q4,2025-11,356,14468,10239.58,125773.06,13201.5,5129
2025-11-01,Referral,Growth,Earned,2025,2025-Q4,2025-11,199,32276.88,19638.1,368008.53,25545.88,4372.4
2025-11-01,Referral,Enterprise,Earned,2025,2025-Q4,2025-11,64,77991.89,31933.19,1036144.06,41356.4,2428.2
2025-11-01,Outbound,Starter,Sales-led,2025,2025-Q4,2025-11,247,92672.73,7150,88118.2,9389.83,3536.4
2025-11-01,Outbound,Growth,Sales-led,2025,2025-Q4,2025-11,134,208582.93,13163.4,247447.49,17064.84,2940.1
2025-11-01,Outbound,Enterprise,Sales-led,2025,2025-Q4,2025-11,40,461453.53,20023.89,642695.52,26344.67,1513.8
2025-11-01,Marketplace,Starter,Partner,2025,2025-Q4,2025-11,520,34871.73,14824.36,183888.86,19044.06,7519
2025-11-01,Marketplace,Growth,Partner,2025,2025-Q4,2025-11,273,72504.99,27151.31,515275.44,35572.7,6110.2
2025-11-01,Marketplace,Enterprise,Partner,2025,2025-Q4,2025-11,91,174929.85,46401.79,1476725.14,62016.28,3400.3
2025-12-01,Paid Search,Starter,Paid,2025,2025-Q4,2025-12,974,111031.86,27907,345616.55,36163.93,14204.6
2025-12-01,Paid Search,Growth,Paid,2025,2025-Q4,2025-12,558,246386.74,55217.52,1026083.2,72001.56,12164.3
2025-12-01,Paid Search,Enterprise,Paid,2025,2025-Q4,2025-12,174,577176.42,85748.66,2753674.37,111897.26,6517.8
2025-12-01,Paid Social,Starter,Paid,2025,2025-Q4,2025-12,822,68615.25,24085.82,293536.33,31502.14,11764.4
2025-12-01,Paid Social,Growth,Paid,2025,2025-Q4,2025-12,468,158691.33,45884.18,853798.85,59650.1,10119.6
2025-12-01,Paid Social,Enterprise,Paid,2025,2025-Q4,2025-12,143,371779.72,70325.1,2311552.83,89423.3,5494.8
2025-12-01,Content / SEO,Starter,Organic,2025,2025-Q4,2025-12,1160,58434.15,33337.02,412407.11,43699.84,16656.4
2025-12-01,Content / SEO,Growth,Organic,2025,2025-Q4,2025-12,607,125385.02,59039.7,1123865.86,74688.28,13580.9
2025-12-01,Content / SEO,Enterprise,Organic,2025,2025-Q4,2025-12,192,288141.04,96882.43,3118608.15,129415.03,7283.3
2025-12-01,Email,Starter,Owned,2025,2025-Q4,2025-12,463,20145.05,13318.97,167404.72,17191.22,6836.1
2025-12-01,Email,Growth,Owned,2025,2025-Q4,2025-12,261,44380.37,26006.47,485612.92,34167.06,5724.6
2025-12-01,Email,Enterprise,Owned,2025,2025-Q4,2025-12,83,106507.14,41374.89,1323460.74,55209.94,3096.8
2025-12-01,Referral,Starter,Earned,2025,2025-Q4,2025-12,388,15580.51,11327.59,138840.87,15230.93,5583.1
2025-12-01,Referral,Growth,Earned,2025,2025-Q4,2025-12,214,34917.68,20924.55,392629.71,27080.56,4692
2025-12-01,Referral,Enterprise,Earned,2025,2025-Q4,2025-12,67,80796.13,32938.3,1066331.67,41994.15,2543
2025-12-01,Outbound,Starter,Sales-led,2025,2025-Q4,2025-12,253,97396.2,7291.61,89548.95,9426.12,3667.2
2025-12-01,Outbound,Growth,Sales-led,2025,2025-Q4,2025-12,142,215148.23,14104.08,261321.46,18201.68,3111.9
2025-12-01,Outbound,Enterprise,Sales-led,2025,2025-Q4,2025-12,45,504043.63,22372.79,712135.66,29585.06,1668.5
2025-12-01,Marketplace,Starter,Partner,2025,2025-Q4,2025-12,558,36276.78,16412.92,200781.2,21468.52,8055.8
2025-12-01,Marketplace,Growth,Partner,2025,2025-Q4,2025-12,324,84606.67,31951.84,594936.38,41853.91,7038.2
2025-12-01,Marketplace,Enterprise,Partner,2025,2025-Q4,2025-12,97,194823.87,47231.66,1545834.73,59415.54,3717.1
